artist_name,artist_lastname,stage_name,DOB,website,instagram,image
Avery,Brown,Avery259,1961-03-20,https://avery259.com,@avery259,artist_image_1.jpg
Avery,Brown,Avery548,1953-08-26,https://avery548.com,@avery548,artist_image_2.jpg
Alex,Johnson,Alex949,1989-06-26,https://alex949.com,@alex949,artist_image_3.jpg
Taylor,Johnson,Taylor999,1965-04-22,https://taylor999.com,@taylor999,artist_image_4.jpg
Alex,Johnson,Alex858,1981-08-05,https://alex858.com,@alex858,artist_image_5.jpg
Charlie,Taylor,Charlie314,1959-05-31,https://charlie314.com,@charlie314,artist_image_6.jpg
Taylor,Johnson,Taylor902,1955-03-02,https://taylor902.com,@taylor902,artist_image_7.jpg
Jamie,Brown,Jamie595,1960-09-25,https://jamie595.com,@jamie595,artist_image_8.jpg
Morgan,Miller,Morgan735,1997-09-08,https://morgan735.com,@morgan735,artist_image_9.jpg
Taylor,Brown,Taylor283,1984-10-13,https://taylor283.com,@taylor283,artist_image_10.jpg
Jamie,Johnson,Jamie339,1983-09-20,https://jamie339.com,@jamie339,artist_image_11.jpg
Alex,Garcia,Alex652,1965-02-14,https://alex652.com,@alex652,artist_image_12.jpg
Taylor,Miller,Taylor670,1965-01-20,https://taylor670.com,@taylor670,artist_image_13.jpg
Robin,Johnson,Robin558,1963-05-05,https://robin558.com,@robin558,artist_image_14.jpg
Charlie,Taylor,Charlie151,1969-06-03,https://charlie151.com,@charlie151,artist_image_15.jpg
Avery,Smith,Avery156,1970-07-05,https://avery156.com,@avery156,artist_image_16.jpg
Dakota,Johnson,Dakota849,1984-09-15,https://dakota849.com,@dakota849,artist_image_17.jpg
Robin,Taylor,Robin554,1977-11-17,https://robin554.com,@robin554,artist_image_18.jpg
Avery,Martinez,Avery908,1984-04-19,https://avery908.com,@avery908,artist_image_19.jpg
Charlie,Davis,Charlie904,1969-08-09,https://charlie904.com,@charlie904,artist_image_20.jpg
Morgan,Davis,Morgan129,1980-07-15,https://morgan129.com,@morgan129,artist_image_21.jpg
Charlie,Brown,Charlie295,1963-04-09,https://charlie295.com,@charlie295,artist_image_22.jpg
Jamie,Johnson,Jamie965,1984-10-14,https://jamie965.com,@jamie965,artist_image_23.jpg
Robin,Taylor,Robin211,1956-12-16,https://robin211.com,@robin211,artist_image_24.jpg
Taylor,Brown,Taylor556,1972-12-19,https://taylor556.com,@taylor556,artist_image_25.jpg
Dakota,Johnson,Dakota424,1975-08-14,https://dakota424.com,@dakota424,artist_image_26.jpg
Taylor,Johnson,Taylor435,1972-01-13,https://taylor435.com,@taylor435,artist_image_27.jpg
Jamie,Miller,Jamie653,1958-09-22,https://jamie653.com,@jamie653,artist_image_28.jpg
Morgan,Smith,Morgan487,1953-03-01,https://morgan487.com,@morgan487,artist_image_29.jpg
Morgan,Martinez,Morgan670,1985-11-06,https://morgan670.com,@morgan670,artist_image_30.jpg
Avery,Martinez,Avery893,1986-04-01,https://avery893.com,@avery893,artist_image_31.jpg
Charlie,Miller,Charlie272,1972-09-28,https://charlie272.com,@charlie272,artist_image_32.jpg
Taylor,Garcia,Taylor838,1987-08-30,https://taylor838.com,@taylor838,artist_image_33.jpg
Dakota,Brown,Dakota151,1951-02-04,https://dakota151.com,@dakota151,artist_image_34.jpg
Charlie,Davis,Charlie272,1989-07-08,https://charlie272.com,@charlie272,artist_image_35.jpg
Dakota,Davis,Dakota823,1951-02-16,https://dakota823.com,@dakota823,artist_image_36.jpg
Robin,Brown,Robin765,1980-11-30,https://robin765.com,@robin765,artist_image_37.jpg
Morgan,Miller,Morgan202,1971-02-07,https://morgan202.com,@morgan202,artist_image_38.jpg
Avery,Taylor,Avery642,1951-08-17,https://avery642.com,@avery642,artist_image_39.jpg
Casey,Miller,Casey242,1973-08-03,https://casey242.com,@casey242,artist_image_40.jpg
Alex,Garcia,Alex445,1957-04-09,https://alex445.com,@alex445,artist_image_41.jpg
Morgan,Lee,Morgan287,1962-02-09,https://morgan287.com,@morgan287,artist_image_42.jpg
Avery,Brown,Avery682,1973-02-28,https://avery682.com,@avery682,artist_image_43.jpg
Taylor,Garcia,Taylor605,1980-08-21,https://taylor605.com,@taylor605,artist_image_44.jpg
Casey,Davis,Casey831,1967-02-26,https://casey831.com,@casey831,artist_image_45.jpg
Casey,Brown,Casey314,1984-04-12,https://casey314.com,@casey314,artist_image_46.jpg
Morgan,Taylor,Morgan990,1959-10-07,https://morgan990.com,@morgan990,artist_image_47.jpg
Jamie,Garcia,Jamie885,1961-05-06,https://jamie885.com,@jamie885,artist_image_48.jpg
Taylor,Anderson,Taylor788,1966-09-13,https://taylor788.com,@taylor788,artist_image_49.jpg
Avery,Brown,Avery766,1963-04-20,https://avery766.com,@avery766,artist_image_50.jpg
Dakota,Johnson,Dakota840,1980-01-04,https://dakota840.com,@dakota840,artist_image_51.jpg
Taylor,Davis,Taylor134,1964-08-25,https://taylor134.com,@taylor134,artist_image_52.jpg
Charlie,Anderson,Charlie339,1974-01-23,https://charlie339.com,@charlie339,artist_image_53.jpg
Dakota,Miller,Dakota431,1965-11-28,https://dakota431.com,@dakota431,artist_image_54.jpg
Casey,Lee,Casey363,1953-09-09,https://casey363.com,@casey363,artist_image_55.jpg
Taylor,Lee,Taylor779,1959-12-27,https://taylor779.com,@taylor779,artist_image_56.jpg
Charlie,Garcia,Charlie740,1951-11-20,https://charlie740.com,@charlie740,artist_image_57.jpg
Taylor,Johnson,Taylor942,1983-10-28,https://taylor942.com,@taylor942,artist_image_58.jpg
Avery,Taylor,Avery879,1970-09-10,https://avery879.com,@avery879,artist_image_59.jpg
Charlie,Garcia,Charlie546,1978-01-03,https://charlie546.com,@charlie546,artist_image_60.jpg
Robin,Brown,Robin235,1989-01-25,https://robin235.com,@robin235,artist_image_61.jpg
Jordan,Miller,Jordan512,1965-07-30,https://jordan512.com,@jordan512,artist_image_62.jpg
Charlie,Taylor,Charlie878,1977-08-19,https://charlie878.com,@charlie878,artist_image_63.jpg
Jordan,Smith,Jordan931,1955-03-24,https://jordan931.com,@jordan931,artist_image_64.jpg
Dakota,Garcia,Dakota330,1980-05-25,https://dakota330.com,@dakota330,artist_image_65.jpg
Jamie,Lee,Jamie447,1950-05-29,https://jamie447.com,@jamie447,artist_image_66.jpg
Jamie,Garcia,Jamie885,1986-02-19,https://jamie885.com,@jamie885,artist_image_67.jpg
Dakota,Smith,Dakota484,1989-03-07,https://dakota484.com,@dakota484,artist_image_68.jpg
Robin,Davis,Robin497,1960-02-28,https://robin497.com,@robin497,artist_image_69.jpg
Jamie,Johnson,Jamie335,1963-12-01,https://jamie335.com,@jamie335,artist_image_70.jpg
Jordan,Lee,Jordan228,1977-03-24,https://jordan228.com,@jordan228,artist_image_71.jpg
Casey,Johnson,Casey698,1952-07-09,https://casey698.com,@casey698,artist_image_72.jpg
Casey,Garcia,Casey850,1961-02-22,https://casey850.com,@casey850,artist_image_73.jpg
Charlie,Johnson,Charlie192,1963-04-04,https://charlie192.com,@charlie192,artist_image_74.jpg
Jordan,Davis,Jordan266,1956-06-26,https://jordan266.com,@jordan266,artist_image_75.jpg
Robin,Miller,Robin108,1950-01-12,https://robin108.com,@robin108,artist_image_76.jpg
Charlie,Garcia,Charlie696,1985-07-27,https://charlie696.com,@charlie696,artist_image_77.jpg
Taylor,Brown,Taylor908,1962-02-17,https://taylor908.com,@taylor908,artist_image_78.jpg
Jordan,Miller,Jordan470,1982-07-25,https://jordan470.com,@jordan470,artist_image_79.jpg
Casey,Lee,Casey938,1974-08-23,https://casey938.com,@casey938,artist_image_80.jpg
Morgan,Lee,Morgan341,1952-06-05,https://morgan341.com,@morgan341,artist_image_81.jpg
Alex,Brown,Alex488,1986-09-10,https://alex488.com,@alex488,artist_image_82.jpg
Jamie,Davis,Jamie298,1952-02-18,https://jamie298.com,@jamie298,artist_image_83.jpg
Robin,Anderson,Robin532,1986-05-04,https://robin532.com,@robin532,artist_image_84.jpg
Dakota,Garcia,Dakota855,1970-07-07,https://dakota855.com,@dakota855,artist_image_85.jpg
Casey,Johnson,Casey330,1973-07-14,https://casey330.com,@casey330,artist_image_86.jpg
Robin,Smith,Robin204,1980-05-29,https://robin204.com,@robin204,artist_image_87.jpg
Robin,Brown,Robin709,1958-10-01,https://robin709.com,@robin709,artist_image_88.jpg
Charlie,Garcia,Charlie130,1981-06-03,https://charlie130.com,@charlie130,artist_image_89.jpg
Avery,Taylor,Avery746,1983-07-08,https://avery746.com,@avery746,artist_image_90.jpg
Charlie,Garcia,Charlie531,1958-09-19,https://charlie531.com,@charlie531,artist_image_91.jpg
Morgan,Miller,Morgan800,1972-01-14,https://morgan800.com,@morgan800,artist_image_92.jpg
Taylor,Johnson,Taylor435,1988-10-27,https://taylor435.com,@taylor435,artist_image_93.jpg
Jordan,Brown,Jordan612,1982-08-09,https://jordan612.com,@jordan612,artist_image_94.jpg
Jordan,Anderson,Jordan235,1978-08-25,https://jordan235.com,@jordan235,artist_image_95.jpg
Avery,Brown,Avery602,1963-03-10,https://avery602.com,@avery602,artist_image_96.jpg
Jamie,Johnson,Jamie827,1979-05-28,https://jamie827.com,@jamie827,artist_image_97.jpg
Avery,Anderson,Avery837,1977-03-26,https://avery837.com,@avery837,artist_image_98.jpg
Avery,Brown,Avery218,1956-03-13,https://avery218.com,@avery218,artist_image_99.jpg
Alex,Johnson,Alex878,1956-05-04,https://alex878.com,@alex878,artist_image_100.jpg
Taylor,Anderson,Taylor678,1952-04-17,https://taylor678.com,@taylor678,artist_image_101.jpg
Morgan,Martinez,Morgan315,1978-04-17,https://morgan315.com,@morgan315,artist_image_102.jpg
Casey,Martinez,Casey934,1984-04-15,https://casey934.com,@casey934,artist_image_103.jpg
Jamie,Brown,Jamie806,1983-08-12,https://jamie806.com,@jamie806,artist_image_104.jpg
Charlie,Lee,Charlie735,1960-03-21,https://charlie735.com,@charlie735,artist_image_105.jpg
Alex,Smith,Alex934,1970-01-28,https://alex934.com,@alex934,artist_image_106.jpg
Taylor,Lee,Taylor781,1989-09-21,https://taylor781.com,@taylor781,artist_image_107.jpg
Dakota,Anderson,Dakota538,1968-07-24,https://dakota538.com,@dakota538,artist_image_108.jpg
Casey,Brown,Casey165,1966-10-01,https://casey165.com,@casey165,artist_image_109.jpg
Taylor,Smith,Taylor178,1963-03-16,https://taylor178.com,@taylor178,artist_image_110.jpg
Robin,Miller,Robin532,1977-09-09,https://robin532.com,@robin532,artist_image_111.jpg
Morgan,Smith,Morgan270,1967-07-28,https://morgan270.com,@morgan270,artist_image_112.jpg
Dakota,Martinez,Dakota320,1950-02-09,https://dakota320.com,@dakota320,artist_image_113.jpg
Jamie,Johnson,Jamie968,1980-05-28,https://jamie968.com,@jamie968,artist_image_114.jpg
Charlie,Johnson,Charlie209,1978-04-30,https://charlie209.com,@charlie209,artist_image_115.jpg
Avery,Miller,Avery144,1969-09-06,https://avery144.com,@avery144,artist_image_116.jpg
Morgan,Taylor,Morgan109,1954-04-01,https://morgan109.com,@morgan109,artist_image_117.jpg
Charlie,Miller,Charlie329,1982-07-04,https://charlie329.com,@charlie329,artist_image_118.jpg
Robin,Smith,Robin621,1957-05-24,https://robin621.com,@robin621,artist_image_119.jpg
Avery,Martinez,Avery999,1952-07-10,https://avery999.com,@avery999,artist_image_120.jpg
Morgan,Davis,Morgan574,1963-04-22,https://morgan574.com,@morgan574,artist_image_121.jpg
Dakota,Anderson,Dakota271,1952-02-16,https://dakota271.com,@dakota271,artist_image_122.jpg
Jordan,Johnson,Jordan517,1979-09-26,https://jordan517.com,@jordan517,artist_image_123.jpg
Dakota,Anderson,Dakota941,1972-09-15,https://dakota941.com,@dakota941,artist_image_124.jpg
Jamie,Garcia,Jamie132,1951-10-07,https://jamie132.com,@jamie132,artist_image_125.jpg
Dakota,Taylor,Dakota418,1964-06-23,https://dakota418.com,@dakota418,artist_image_126.jpg
Casey,Garcia,Casey759,1959-07-01,https://casey759.com,@casey759,artist_image_127.jpg
Taylor,Smith,Taylor875,1973-07-26,https://taylor875.com,@taylor875,artist_image_128.jpg
Casey,Garcia,Casey605,1988-03-14,https://casey605.com,@casey605,artist_image_129.jpg
Jordan,Martinez,Jordan947,1962-04-29,https://jordan947.com,@jordan947,artist_image_130.jpg
Taylor,Davis,Taylor384,1977-09-25,https://taylor384.com,@taylor384,artist_image_131.jpg
Morgan,Martinez,Morgan255,1968-10-28,https://morgan255.com,@morgan255,artist_image_132.jpg
Jordan,Davis,Jordan259,1969-09-19,https://jordan259.com,@jordan259,artist_image_133.jpg
Morgan,Martinez,Morgan131,1955-05-21,https://morgan131.com,@morgan131,artist_image_134.jpg
Dakota,Garcia,Dakota960,1975-07-02,https://dakota960.com,@dakota960,artist_image_135.jpg
Dakota,Martinez,Dakota438,1961-05-08,https://dakota438.com,@dakota438,artist_image_136.jpg
Jamie,Miller,Jamie798,1980-06-21,https://jamie798.com,@jamie798,artist_image_137.jpg
Casey,Johnson,Casey410,1980-03-27,https://casey410.com,@casey410,artist_image_138.jpg
Robin,Martinez,Robin628,1955-07-05,https://robin628.com,@robin628,artist_image_139.jpg
Alex,Johnson,Alex441,1971-06-16,https://alex441.com,@alex441,artist_image_140.jpg
Jamie,Smith,Jamie499,1959-01-28,https://jamie499.com,@jamie499,artist_image_141.jpg
Casey,Lee,Casey721,1986-11-01,https://casey721.com,@casey721,artist_image_142.jpg
Jordan,Johnson,Jordan168,1972-10-07,https://jordan168.com,@jordan168,artist_image_143.jpg
Jordan,Anderson,Jordan364,1958-09-26,https://jordan364.com,@jordan364,artist_image_144.jpg
Alex,Smith,Alex132,1968-12-14,https://alex132.com,@alex132,artist_image_145.jpg
Jordan,Garcia,Jordan283,1976-09-01,https://jordan283.com,@jordan283,artist_image_146.jpg
Avery,Miller,Avery888,1963-12-09,https://avery888.com,@avery888,artist_image_147.jpg
Jamie,Smith,Jamie377,1966-05-12,https://jamie377.com,@jamie377,artist_image_148.jpg
Avery,Lee,Avery214,1973-06-13,https://avery214.com,@avery214,artist_image_149.jpg
Charlie,Lee,Charlie260,1977-04-19,https://charlie260.com,@charlie260,artist_image_150.jpg
Jamie,Taylor,Jamie909,1950-09-07,https://jamie909.com,@jamie909,artist_image_151.jpg
Robin,Lee,Robin985,1968-03-10,https://robin985.com,@robin985,artist_image_152.jpg
Jamie,Anderson,Jamie999,1953-05-13,https://jamie999.com,@jamie999,artist_image_153.jpg
Alex,Johnson,Alex868,1985-02-17,https://alex868.com,@alex868,artist_image_154.jpg
Casey,Brown,Casey780,1976-07-07,https://casey780.com,@casey780,artist_image_155.jpg
Robin,Martinez,Robin100,1980-10-27,https://robin100.com,@robin100,artist_image_156.jpg
Casey,Lee,Casey364,1957-09-21,https://casey364.com,@casey364,artist_image_157.jpg
Avery,Martinez,Avery540,1983-11-13,https://avery540.com,@avery540,artist_image_158.jpg
Dakota,Taylor,Dakota560,1960-09-25,https://dakota560.com,@dakota560,artist_image_159.jpg
Robin,Anderson,Robin238,1973-07-14,https://robin238.com,@robin238,artist_image_160.jpg
Robin,Davis,Robin399,1983-06-09,https://robin399.com,@robin399,artist_image_161.jpg
Taylor,Lee,Taylor620,1987-09-02,https://taylor620.com,@taylor620,artist_image_162.jpg
Charlie,Martinez,Charlie962,1978-02-25,https://charlie962.com,@charlie962,artist_image_163.jpg
Morgan,Garcia,Morgan775,1956-10-05,https://morgan775.com,@morgan775,artist_image_164.jpg
Alex,Taylor,Alex471,1954-04-09,https://alex471.com,@alex471,artist_image_165.jpg
Dakota,Taylor,Dakota175,1972-03-09,https://dakota175.com,@dakota175,artist_image_166.jpg
Taylor,Smith,Taylor963,1960-06-16,https://taylor963.com,@taylor963,artist_image_167.jpg
Casey,Brown,Casey511,1973-09-12,https://casey511.com,@casey511,artist_image_168.jpg
Morgan,Smith,Morgan765,1983-05-10,https://morgan765.com,@morgan765,artist_image_169.jpg
Morgan,Martinez,Morgan385,1967-05-05,https://morgan385.com,@morgan385,artist_image_170.jpg
Charlie,Taylor,Charlie120,1962-05-15,https://charlie120.com,@charlie120,artist_image_171.jpg
Taylor,Miller,Taylor742,1989-12-16,https://taylor742.com,@taylor742,artist_image_172.jpg
Casey,Smith,Casey727,1960-11-19,https://casey727.com,@casey727,artist_image_173.jpg
Avery,Brown,Avery287,1983-04-04,https://avery287.com,@avery287,artist_image_174.jpg
Jamie,Davis,Jamie374,1977-11-21,https://jamie374.com,@jamie374,artist_image_175.jpg
Jamie,Anderson,Jamie937,1963-02-24,https://jamie937.com,@jamie937,artist_image_176.jpg
Avery,Miller,Avery545,1984-03-03,https://avery545.com,@avery545,artist_image_177.jpg
Jamie,Lee,Jamie273,1982-01-20,https://jamie273.com,@jamie273,artist_image_178.jpg
Jordan,Smith,Jordan313,1969-08-13,https://jordan313.com,@jordan313,artist_image_179.jpg
Avery,Smith,Avery507,1978-06-27,https://avery507.com,@avery507,artist_image_180.jpg
Jamie,Lee,Jamie881,1970-05-23,https://jamie881.com,@jamie881,artist_image_181.jpg
Robin,Garcia,Robin711,1954-10-31,https://robin711.com,@robin711,artist_image_182.jpg
Jamie,Anderson,Jamie839,1966-07-16,https://jamie839.com,@jamie839,artist_image_183.jpg
Dakota,Miller,Dakota468,1972-06-30,https://dakota468.com,@dakota468,artist_image_184.jpg
Alex,Davis,Alex129,1985-09-09,https://alex129.com,@alex129,artist_image_185.jpg
Robin,Davis,Robin585,1961-09-16,https://robin585.com,@robin585,artist_image_186.jpg
Jordan,Taylor,Jordan807,1968-04-12,https://jordan807.com,@jordan807,artist_image_187.jpg
Alex,Brown,Alex675,1977-09-14,https://alex675.com,@alex675,artist_image_188.jpg
Charlie,Lee,Charlie840,1955-05-31,https://charlie840.com,@charlie840,artist_image_189.jpg
Casey,Davis,Casey243,1967-09-15,https://casey243.com,@casey243,artist_image_190.jpg
Alex,Taylor,Alex635,1964-04-14,https://alex635.com,@alex635,artist_image_191.jpg
Morgan,Davis,Morgan600,1979-08-15,https://morgan600.com,@morgan600,artist_image_192.jpg
Taylor,Garcia,Taylor848,1973-07-10,https://taylor848.com,@taylor848,artist_image_193.jpg
Jamie,Brown,Jamie395,1966-05-03,https://jamie395.com,@jamie395,artist_image_194.jpg
Taylor,Martinez,Taylor809,1978-08-21,https://taylor809.com,@taylor809,artist_image_195.jpg
Alex,Johnson,Alex117,1982-09-08,https://alex117.com,@alex117,artist_image_196.jpg
Taylor,Brown,Taylor330,1979-11-15,https://taylor330.com,@taylor330,artist_image_197.jpg
Avery,Miller,Avery219,1950-08-16,https://avery219.com,@avery219,artist_image_198.jpg
Dakota,Lee,Dakota895,1965-12-17,https://dakota895.com,@dakota895,artist_image_199.jpg
Charlie,Brown,Charlie133,1956-01-15,https://charlie133.com,@charlie133,artist_image_200.jpg
Alex,Davis,Alex729,1986-08-26,https://alex729.com,@alex729,artist_image_201.jpg
Dakota,Brown,Dakota963,1977-06-19,https://dakota963.com,@dakota963,artist_image_202.jpg
Jamie,Smith,Jamie288,1973-12-28,https://jamie288.com,@jamie288,artist_image_203.jpg
Alex,Taylor,Alex542,1967-08-02,https://alex542.com,@alex542,artist_image_204.jpg
Dakota,Davis,Dakota549,1978-09-24,https://dakota549.com,@dakota549,artist_image_205.jpg
Robin,Johnson,Robin549,1989-02-20,https://robin549.com,@robin549,artist_image_206.jpg
Dakota,Taylor,Dakota433,1981-04-10,https://dakota433.com,@dakota433,artist_image_207.jpg
Avery,Davis,Avery395,1952-06-15,https://avery395.com,@avery395,artist_image_208.jpg
Taylor,Miller,Taylor573,1978-08-01,https://taylor573.com,@taylor573,artist_image_209.jpg
Jamie,Lee,Jamie867,1973-09-03,https://jamie867.com,@jamie867,artist_image_210.jpg
Charlie,Davis,Charlie970,1972-05-13,https://charlie970.com,@charlie970,artist_image_211.jpg
Morgan,Martinez,Morgan334,1981-06-23,https://morgan334.com,@morgan334,artist_image_212.jpg
Robin,Davis,Robin878,1962-02-21,https://robin878.com,@robin878,artist_image_213.jpg
Casey,Brown,Casey337,1984-09-11,https://casey337.com,@casey337,artist_image_214.jpg
Alex,Miller,Alex449,1985-11-30,https://alex449.com,@alex449,artist_image_215.jpg
Taylor,Anderson,Taylor699,1961-05-06,https://taylor699.com,@taylor699,artist_image_216.jpg
Jordan,Miller,Jordan959,1950-10-06,https://jordan959.com,@jordan959,artist_image_217.jpg
Taylor,Brown,Taylor279,1955-01-26,https://taylor279.com,@taylor279,artist_image_218.jpg
Avery,Davis,Avery767,1964-03-12,https://avery767.com,@avery767,artist_image_219.jpg
Morgan,Brown,Morgan709,1960-01-04,https://morgan709.com,@morgan709,artist_image_220.jpg
Robin,Taylor,Robin112,1960-04-19,https://robin112.com,@robin112,artist_image_221.jpg
Avery,Martinez,Avery340,1984-01-26,https://avery340.com,@avery340,artist_image_222.jpg
Morgan,Brown,Morgan325,1997-02-26,https://morgan325.com,@morgan325,artist_image_223.jpg
Casey,Garcia,Casey159,1962-01-20,https://casey159.com,@casey159,artist_image_224.jpg
Robin,Davis,Robin502,1968-06-23,https://robin502.com,@robin502,artist_image_225.jpg
Dakota,Johnson,Dakota671,1950-09-02,https://dakota671.com,@dakota671,artist_image_226.jpg
Morgan,Davis,Morgan908,1968-05-03,https://morgan908.com,@morgan908,artist_image_227.jpg
Alex,Brown,Alex349,1974-06-09,https://alex349.com,@alex349,artist_image_228.jpg
Dakota,Lee,Dakota770,1986-12-10,https://dakota770.com,@dakota770,artist_image_229.jpg
Dakota,Davis,Dakota209,1976-09-01,https://dakota209.com,@dakota209,artist_image_230.jpg
Dakota,Garcia,Dakota977,1985-03-25,https://dakota977.com,@dakota977,artist_image_231.jpg
Taylor,Davis,Taylor279,1955-08-20,https://taylor279.com,@taylor279,artist_image_232.jpg
Dakota,Smith,Dakota322,1985-02-19,https://dakota322.com,@dakota322,artist_image_233.jpg
Charlie,Miller,Charlie132,1983-01-10,https://charlie132.com,@charlie132,artist_image_234.jpg
Charlie,Smith,Charlie194,1974-09-14,https://charlie194.com,@charlie194,artist_image_235.jpg
Morgan,Smith,Morgan392,1985-10-17,https://morgan392.com,@morgan392,artist_image_236.jpg
Charlie,Miller,Charlie452,1975-11-01,https://charlie452.com,@charlie452,artist_image_237.jpg
Alex,Miller,Alex519,1958-11-10,https://alex519.com,@alex519,artist_image_238.jpg
Robin,Taylor,Robin997,1957-06-02,https://robin997.com,@robin997,artist_image_239.jpg
Dakota,Lee,Dakota599,1965-07-19,https://dakota599.com,@dakota599,artist_image_240.jpg
Robin,Anderson,Robin656,1953-04-22,https://robin656.com,@robin656,artist_image_241.jpg
Alex,Johnson,Alex208,1960-04-17,https://alex208.com,@alex208,artist_image_242.jpg
Morgan,Anderson,Morgan692,1953-05-19,https://morgan692.com,@morgan692,artist_image_243.jpg
Alex,Brown,Alex850,1971-03-25,https://alex850.com,@alex850,artist_image_244.jpg
Robin,Johnson,Robin380,1954-02-14,https://robin380.com,@robin380,artist_image_245.jpg
Morgan,Miller,Morgan257,1951-10-21,https://morgan257.com,@morgan257,artist_image_246.jpg
Charlie,Davis,Charlie939,1974-01-03,https://charlie939.com,@charlie939,artist_image_247.jpg
Avery,Lee,Avery945,1957-10-22,https://avery945.com,@avery945,artist_image_248.jpg
Taylor,Smith,Taylor563,1958-10-01,https://taylor563.com,@taylor563,artist_image_249.jpg
Charlie,Anderson,Charlie325,1984-12-17,https://charlie325.com,@charlie325,artist_image_250.jpg
Morgan,Miller,Morgan654,1974-04-13,https://morgan654.com,@morgan654,artist_image_251.jpg
Casey,Martinez,Casey543,1965-12-01,https://casey543.com,@casey543,artist_image_252.jpg
Robin,Martinez,Robin580,1958-10-07,https://robin580.com,@robin580,artist_image_253.jpg
Jamie,Johnson,Jamie746,1982-07-21,https://jamie746.com,@jamie746,artist_image_254.jpg
Alex,Brown,Alex804,1977-07-12,https://alex804.com,@alex804,artist_image_255.jpg
Morgan,Garcia,Morgan800,1968-02-16,https://morgan800.com,@morgan800,artist_image_256.jpg
Charlie,Garcia,Charlie135,1958-12-08,https://charlie135.com,@charlie135,artist_image_257.jpg
Alex,Anderson,Alex227,1985-04-08,https://alex227.com,@alex227,artist_image_258.jpg
Taylor,Anderson,Taylor286,1950-05-24,https://taylor286.com,@taylor286,artist_image_259.jpg
Jamie,Smith,Jamie850,1961-03-02,https://jamie850.com,@jamie850,artist_image_260.jpg
Robin,Brown,Robin786,1976-01-19,https://robin786.com,@robin786,artist_image_261.jpg
Casey,Garcia,Casey229,1974-09-30,https://casey229.com,@casey229,artist_image_262.jpg
Casey,Miller,Casey710,1969-04-29,https://casey710.com,@casey710,artist_image_263.jpg
Taylor,Johnson,Taylor127,1950-05-30,https://taylor127.com,@taylor127,artist_image_264.jpg
Alex,Brown,Alex218,1967-03-03,https://alex218.com,@alex218,artist_image_265.jpg
Morgan,Davis,Morgan529,1982-06-03,https://morgan529.com,@morgan529,artist_image_266.jpg
Taylor,Miller,Taylor557,1982-08-08,https://taylor557.com,@taylor557,artist_image_267.jpg
Alex,Smith,Alex139,1951-05-19,https://alex139.com,@alex139,artist_image_268.jpg
Charlie,Miller,Charlie839,1963-10-21,https://charlie839.com,@charlie839,artist_image_269.jpg
Jamie,Miller,Jamie813,1987-03-26,https://jamie813.com,@jamie813,artist_image_270.jpg
Avery,Taylor,Avery406,1954-11-15,https://avery406.com,@avery406,artist_image_271.jpg
Morgan,Taylor,Morgan508,1986-10-14,https://morgan508.com,@morgan508,artist_image_272.jpg
Taylor,Lee,Taylor115,1953-03-04,https://taylor115.com,@taylor115,artist_image_273.jpg
Jamie,Anderson,Jamie447,1975-06-29,https://jamie447.com,@jamie447,artist_image_274.jpg
Morgan,Lee,Morgan437,1959-11-23,https://morgan437.com,@morgan437,artist_image_275.jpg
Morgan,Davis,Morgan784,1960-01-19,https://morgan784.com,@morgan784,artist_image_276.jpg
Jordan,Anderson,Jordan333,1955-12-30,https://jordan333.com,@jordan333,artist_image_277.jpg
Taylor,Miller,Taylor208,1954-03-12,https://taylor208.com,@taylor208,artist_image_278.jpg
Avery,Taylor,Avery176,1977-09-11,https://avery176.com,@avery176,artist_image_279.jpg
Alex,Lee,Alex912,1955-06-28,https://alex912.com,@alex912,artist_image_280.jpg
Alex,Smith,Alex558,1982-09-08,https://alex558.com,@alex558,artist_image_281.jpg
Charlie,Smith,Charlie390,1987-10-29,https://charlie390.com,@charlie390,artist_image_282.jpg
Robin,Brown,Robin656,1970-03-04,https://robin656.com,@robin656,artist_image_283.jpg
Alex,Davis,Alex647,1984-10-18,https://alex647.com,@alex647,artist_image_284.jpg
Alex,Garcia,Alex413,1955-01-25,https://alex413.com,@alex413,artist_image_285.jpg
Casey,Johnson,Casey222,1988-07-30,https://casey222.com,@casey222,artist_image_286.jpg
Jamie,Brown,Jamie387,1958-12-15,https://jamie387.com,@jamie387,artist_image_287.jpg
Casey,Miller,Casey748,1978-02-06,https://casey748.com,@casey748,artist_image_288.jpg
Charlie,Lee,Charlie877,1976-08-31,https://charlie877.com,@charlie877,artist_image_289.jpg
Jamie,Davis,Jamie426,1961-02-15,https://jamie426.com,@jamie426,artist_image_290.jpg
Dakota,Lee,Dakota462,1999-03-05,https://dakota462.com,@dakota462,artist_image_291.jpg
Casey,Lee,Casey525,1959-10-09,https://casey525.com,@casey525,artist_image_292.jpg
Robin,Garcia,Robin550,1981-06-27,https://robin550.com,@robin550,artist_image_293.jpg
Alex,Smith,Alex787,1982-03-21,https://alex787.com,@alex787,artist_image_294.jpg
Jamie,Smith,Jamie664,1989-12-07,https://jamie664.com,@jamie664,artist_image_295.jpg
Avery,Brown,Avery493,1976-02-10,https://avery493.com,@avery493,artist_image_296.jpg
Robin,Anderson,Robin178,1968-07-25,https://robin178.com,@robin178,artist_image_297.jpg
Dakota,Lee,Dakota926,1974-01-14,https://dakota926.com,@dakota926,artist_image_298.jpg
Avery,Taylor,Avery903,1950-04-23,https://avery903.com,@avery903,artist_image_299.jpg
Dakota,Miller,Dakota696,1953-08-23,https://dakota696.com,@dakota696,artist_image_300.jpg
